grade-10	al_eiman_10th.pdf	https://e-learning-moe.edu.ye/adel/android_1/book_10/al_eiman_10th.pdf	http://e-learning-moe.edu.ye/ClassTen.php
grade-10	al_hadith_fikh_10th.pdf	https://e-learning-moe.edu.ye/adel/android_1/book_10/al_hadith_fikh_10th.pdf	http://e-learning-moe.edu.ye/ClassTen.php
grade-10	al_sira_10th.pdf	https://e-learning-moe.edu.ye/adel/android_1/book_10/al_sira_10th.pdf	http://e-learning-moe.edu.ye/ClassTen.php
grade-10	biology_10th.pdf	https://e-learning-moe.edu.ye/adel/android_1/book_10/biology_10th.pdf	http://e-learning-moe.edu.ye/ClassTen.php
grade-10	biology_actions_10th.pdf	https://e-learning-moe.edu.ye/adel/android_1/book_10/biology_actions_10th.pdf	http://e-learning-moe.edu.ye/ClassTen.php
grade-10	chemistry_10th.pdf	https://e-learning-moe.edu.ye/adel/android_1/book_10/chemistry_10th.pdf	http://e-learning-moe.edu.ye/ClassTen.php
grade-10	chemistry_actions_10th.pdf	https://e-learning-moe.edu.ye/adel/android_1/book_10/chemistry_actions_10th.pdf	http://e-learning-moe.edu.ye/ClassTen.php
grade-10	computer_10th.pdf	https://e-learning-moe.edu.ye/adel/android_1/book_10/computer_10th.pdf	http://e-learning-moe.edu.ye/ClassTen.php
grade-10	english_pubils_10th.pdf	https://e-learning-moe.edu.ye/adel/android_1/book_10/english_pubils_10th.pdf	http://e-learning-moe.edu.ye/ClassTen.php
grade-10	english_work_10th.pdf	https://e-learning-moe.edu.ye/adel/android_1/book_10/english_work_10th.pdf	http://e-learning-moe.edu.ye/ClassTen.php
grade-10	exercise_mathematic_10th.pdf	https://e-learning-moe.edu.ye/adel/android_1/book_10/exercise_mathematic_10th.pdf	http://e-learning-moe.edu.ye/ClassTen.php
grade-10	fikh_10th.pdf	https://e-learning-moe.edu.ye/adel/android_1/book_10/fikh_10th.pdf	http://e-learning-moe.edu.ye/ClassTen.php
grade-10	geographic_10th.pdf	https://e-learning-moe.edu.ye/adel/android_1/book_10/geographic_10th.pdf	http://e-learning-moe.edu.ye/ClassTen.php
grade-10	history_part1_10th.pdf	https://e-learning-moe.edu.ye/adel/android_1/book_10/history_part1_10th.pdf	http://e-learning-moe.edu.ye/ClassTen.php
grade-10	holy_quran_10th.pdf	https://e-learning-moe.edu.ye/adel/android_1/book_10/holy_quran_10th.pdf	http://e-learning-moe.edu.ye/ClassTen.php
grade-10	mathematic_part1_10th.pdf	https://e-learning-moe.edu.ye/adel/android_1/book_10/mathematic_part1_10th.pdf	http://e-learning-moe.edu.ye/ClassTen.php
grade-10	mathematic_part2_10th.pdf	https://e-learning-moe.edu.ye/adel/android_1/book_10/mathematic_part2_10th.pdf	http://e-learning-moe.edu.ye/ClassTen.php
grade-10	nahw_part1_10th.pdf	https://e-learning-moe.edu.ye/adel/android_1/book_10/nahw_part1_10th.pdf	http://e-learning-moe.edu.ye/ClassTen.php
grade-10	nosos_part1_10th.pdf	https://e-learning-moe.edu.ye/adel/android_1/book_10/nosos_part1_10th.pdf	http://e-learning-moe.edu.ye/ClassTen.php
grade-10	physical_10th.pdf	https://e-learning-moe.edu.ye/adel/android_1/book_10/physical_10th.pdf	http://e-learning-moe.edu.ye/ClassTen.php
grade-10	physical_actions_10th.pdf	https://e-learning-moe.edu.ye/adel/android_1/book_10/physical_actions_10th.pdf	http://e-learning-moe.edu.ye/ClassTen.php
grade-10	reading_part1_10th.pdf	https://e-learning-moe.edu.ye/adel/android_1/book_10/reading_part1_10th.pdf	http://e-learning-moe.edu.ye/ClassTen.php
grade-10	reading_part2_10th%e2%80%ab%e2%80%ac.pdf	https://e-learning-moe.edu.ye/adel/android_1/book_10/reading_part2_10th%e2%80%ab%e2%80%ac.pdf	http://e-learning-moe.edu.ye/ClassTen.php
grade-10	yemeni_society_10th.pdf	https://e-learning-moe.edu.ye/adel/android_1/book_10/yemeni_society_10th.pdf	http://e-learning-moe.edu.ye/ClassTen.php
grade-11	al_eiman_11th.pdf	https://e-learning-moe.edu.ye/adel/android_1/book_11/al_eiman_11th.pdf	http://e-learning-moe.edu.ye/ClassEleven.php
grade-11	al_hadith_fikh_part1_11th.pdf	https://e-learning-moe.edu.ye/adel/android_1/book_11/al_hadith_fikh_part1_11th.pdf	http://e-learning-moe.edu.ye/ClassEleven.php
grade-11	al_sira_part1_11th.pdf	https://e-learning-moe.edu.ye/adel/android_1/book_11/al_sira_part1_11th.pdf	http://e-learning-moe.edu.ye/ClassEleven.php
grade-11	al_sira_part2_11th.pdf	https://e-learning-moe.edu.ye/adel/android_1/book_11/al_sira_part2_11th.pdf	http://e-learning-moe.edu.ye/ClassEleven.php
grade-11	biology_11th.pdf	https://e-learning-moe.edu.ye/adel/android_1/book_11/biology_11th.pdf	http://e-learning-moe.edu.ye/ClassEleven.php
grade-11	biology_actions_11th.pdf	https://e-learning-moe.edu.ye/adel/android_1/book_11/biology_actions_11th.pdf	http://e-learning-moe.edu.ye/ClassEleven.php
grade-11	chemistry_11th.pdf	https://e-learning-moe.edu.ye/adel/android_1/book_11/chemistry_11th.pdf	http://e-learning-moe.edu.ye/ClassEleven.php
grade-11	chemistry_actions_11th.pdf	https://e-learning-moe.edu.ye/adel/android_1/book_11/chemistry_actions_11th.pdf	http://e-learning-moe.edu.ye/ClassEleven.php
grade-11	computer_11th.pdf	https://e-learning-moe.edu.ye/adel/android_1/book_11/computer_11th.pdf	http://e-learning-moe.edu.ye/ClassEleven.php
grade-11	economic_11th.pdf	https://e-learning-moe.edu.ye/adel/android_1/book_11/economic_11th.pdf	http://e-learning-moe.edu.ye/ClassEleven.php
grade-11	english_pubils_11th.pdf	https://e-learning-moe.edu.ye/adel/android_1/book_11/english_pubils_11th.pdf	http://e-learning-moe.edu.ye/ClassEleven.php
grade-11	english_work_11th.pdf	https://e-learning-moe.edu.ye/adel/android_1/book_11/english_work_11th.pdf	http://e-learning-moe.edu.ye/ClassEleven.php
grade-11	exercise_mathe_11th.pdf	https://e-learning-moe.edu.ye/adel/android_1/book_11/exercise_mathe_11th.pdf	http://e-learning-moe.edu.ye/ClassEleven.php
grade-11	exercise_mathematic_lit_11th.pdf	https://e-learning-moe.edu.ye/adel/android_1/book_11/exercise_mathematic_lit_11th.pdf	http://e-learning-moe.edu.ye/ClassEleven.php
grade-11	fikh_11th.pdf	https://e-learning-moe.edu.ye/adel/android_1/book_11/fikh_11th.pdf	http://e-learning-moe.edu.ye/ClassEleven.php
grade-11	geographic_11th.pdf	https://e-learning-moe.edu.ye/adel/android_1/book_11/geographic_11th.pdf	http://e-learning-moe.edu.ye/ClassEleven.php
grade-11	history_part1_11th.pdf	https://e-learning-moe.edu.ye/adel/android_1/book_11/history_part1_11th.pdf	http://e-learning-moe.edu.ye/ClassEleven.php
grade-11	history_part2_11th%e2%80%ab%e2%80%ac.pdf	https://e-learning-moe.edu.ye/adel/android_1/book_11/history_part2_11th%e2%80%ab%e2%80%ac.pdf	http://e-learning-moe.edu.ye/ClassEleven.php
grade-11	holy_quran_part1_11th.pdf	https://e-learning-moe.edu.ye/adel/android_1/book_11/holy_quran_part1_11th.pdf	http://e-learning-moe.edu.ye/ClassEleven.php
grade-11	mathematic_lit_11th.pdf	https://e-learning-moe.edu.ye/adel/android_1/book_11/mathematic_lit_11th.pdf	http://e-learning-moe.edu.ye/ClassEleven.php
grade-11	mathematic_part1_11th.pdf	https://e-learning-moe.edu.ye/adel/android_1/book_11/mathematic_part1_11th.pdf	http://e-learning-moe.edu.ye/ClassEleven.php
grade-11	mathematic_part2_11th.pdf	https://e-learning-moe.edu.ye/adel/android_1/book_11/mathematic_part2_11th.pdf	http://e-learning-moe.edu.ye/ClassEleven.php
grade-11	nahw_part1_11th.pdf	https://e-learning-moe.edu.ye/adel/android_1/book_11/nahw_part1_11th.pdf	http://e-learning-moe.edu.ye/ClassEleven.php
grade-11	nosos_part1_11th.pdf	https://e-learning-moe.edu.ye/adel/android_1/book_11/nosos_part1_11th.pdf	http://e-learning-moe.edu.ye/ClassEleven.php
grade-11	physical_11th.pdf	https://e-learning-moe.edu.ye/adel/android_1/book_11/physical_11th.pdf	http://e-learning-moe.edu.ye/ClassEleven.php
grade-11	physical_actions_11th.pdf	https://e-learning-moe.edu.ye/adel/android_1/book_11/physical_actions_11th.pdf	http://e-learning-moe.edu.ye/ClassEleven.php
grade-11	reading_part1_11th.pdf	https://e-learning-moe.edu.ye/adel/android_1/book_11/reading_part1_11th.pdf	http://e-learning-moe.edu.ye/ClassEleven.php
grade-11	reading_part2_11th.pdf	https://e-learning-moe.edu.ye/adel/android_1/book_11/reading_part2_11th.pdf	http://e-learning-moe.edu.ye/ClassEleven.php
grade-11	sociology_11th.pdf	https://e-learning-moe.edu.ye/adel/android_1/book_11/sociology_11th.pdf	http://e-learning-moe.edu.ye/ClassEleven.php
grade-12	al_eiman_12th.pdf	https://e-learning-moe.edu.ye/adel/android_1/book_12/al_eiman_12th.pdf	http://e-learning-moe.edu.ye/ClassTwelve.php
grade-12	al_hadith_fikh_12th.pdf	https://e-learning-moe.edu.ye/adel/android_1/book_12/al_hadith_fikh_12th.pdf	http://e-learning-moe.edu.ye/ClassTwelve.php
grade-12	al_sira_12th.pdf	https://e-learning-moe.edu.ye/adel/android_1/book_12/al_sira_12th.pdf	http://e-learning-moe.edu.ye/ClassTwelve.php
grade-12	biology_12th.pdf	https://e-learning-moe.edu.ye/adel/android_1/book_12/biology_12th.pdf	http://e-learning-moe.edu.ye/ClassTwelve.php
grade-12	biology_actions_12th.pdf	https://e-learning-moe.edu.ye/adel/android_1/book_12/biology_actions_12th.pdf	http://e-learning-moe.edu.ye/ClassTwelve.php
grade-12	chemistry_12th.pdf	https://e-learning-moe.edu.ye/adel/android_1/book_12/chemistry_12th.pdf	http://e-learning-moe.edu.ye/ClassTwelve.php
grade-12	chemistry_actions_12th.pdf	https://e-learning-moe.edu.ye/adel/android_1/book_12/chemistry_actions_12th.pdf	http://e-learning-moe.edu.ye/ClassTwelve.php
grade-12	english_pubils_12th.pdf	https://e-learning-moe.edu.ye/adel/android_1/book_12/english_pubils_12th.pdf	http://e-learning-moe.edu.ye/ClassTwelve.php
grade-12	english_work_12th.pdf	https://e-learning-moe.edu.ye/adel/android_1/book_12/english_work_12th.pdf	http://e-learning-moe.edu.ye/ClassTwelve.php
grade-12	exercise_mathe_12th.pdf	https://e-learning-moe.edu.ye/adel/android_1/book_12/exercise_mathe_12th.pdf	http://e-learning-moe.edu.ye/ClassTwelve.php
grade-12	exercise_mathematic_lit_12th.pdf	https://e-learning-moe.edu.ye/adel/android_1/book_12/exercise_mathematic_lit_12th.pdf	http://e-learning-moe.edu.ye/ClassTwelve.php
grade-12	fikh_12th.pdf	https://e-learning-moe.edu.ye/adel/android_1/book_12/fikh_12th.pdf	http://e-learning-moe.edu.ye/ClassTwelve.php
grade-12	geographic_12th.pdf	https://e-learning-moe.edu.ye/adel/android_1/book_12/geographic_12th.pdf	http://e-learning-moe.edu.ye/ClassTwelve.php
grade-12	history_12th.pdf	https://e-learning-moe.edu.ye/adel/android_1/book_12/history_12th.pdf	http://e-learning-moe.edu.ye/ClassTwelve.php
grade-12	holy_quran_12th.pdf	https://e-learning-moe.edu.ye/adel/android_1/book_12/holy_quran_12th.pdf	http://e-learning-moe.edu.ye/ClassTwelve.php
grade-12	logic_science_12th.pdf	https://e-learning-moe.edu.ye/adel/android_1/book_12/logic_science_12th.pdf	http://e-learning-moe.edu.ye/ClassTwelve.php
grade-12	mathematic_12th.pdf	https://e-learning-moe.edu.ye/adel/android_1/book_12/mathematic_12th.pdf	http://e-learning-moe.edu.ye/ClassTwelve.php
grade-12	mathematic_lit_12th.pdf	https://e-learning-moe.edu.ye/adel/android_1/book_12/mathematic_lit_12th.pdf	http://e-learning-moe.edu.ye/ClassTwelve.php
grade-12	nahw_12th.pdf	https://e-learning-moe.edu.ye/adel/android_1/book_12/nahw_12th.pdf	http://e-learning-moe.edu.ye/ClassTwelve.php
grade-12	nosos_12th.pdf	https://e-learning-moe.edu.ye/adel/android_1/book_12/nosos_12th.pdf	http://e-learning-moe.edu.ye/ClassTwelve.php
grade-12	phylasophy_12th.pdf	https://e-learning-moe.edu.ye/adel/android_1/book_12/phylasophy_12th.pdf	http://e-learning-moe.edu.ye/ClassTwelve.php
grade-12	physical_12th.pdf	https://e-learning-moe.edu.ye/adel/android_1/book_12/physical_12th.pdf	http://e-learning-moe.edu.ye/ClassTwelve.php
grade-12	physical_actions_12th.pdf	https://e-learning-moe.edu.ye/adel/android_1/book_12/physical_actions_12th.pdf	http://e-learning-moe.edu.ye/ClassTwelve.php
grade-12	psychology_12th.pdf	https://e-learning-moe.edu.ye/adel/android_1/book_12/psychology_12th.pdf	http://e-learning-moe.edu.ye/ClassTwelve.php
grade-12	reading_12th.pdf	https://e-learning-moe.edu.ye/adel/android_1/book_12/reading_12th.pdf	http://e-learning-moe.edu.ye/ClassTwelve.php
grade-12	science_the_map_12th.pdf	https://e-learning-moe.edu.ye/adel/android_1/book_12/science_the_map_12th.pdf	http://e-learning-moe.edu.ye/ClassTwelve.php
grade-7	Arabic_part1_7th_.pdf	https://e-learning-moe.edu.ye/adel/android_1/book_7/Arabic_part1_7th_.pdf	http://e-learning-moe.edu.ye/ClassSeven.php
grade-7	Arabic_part2_7th_.pdf	https://e-learning-moe.edu.ye/adel/android_1/book_7/Arabic_part2_7th_.pdf	http://e-learning-moe.edu.ye/ClassSeven.php
grade-7	Islamic_part1_7th.pdf	https://e-learning-moe.edu.ye/adel/android_1/book_7/Islamic_part1_7th.pdf	http://e-learning-moe.edu.ye/ClassSeven.php
grade-7	Islamic_part2_7th.pdf	https://e-learning-moe.edu.ye/adel/android_1/book_7/Islamic_part2_7th.pdf	http://e-learning-moe.edu.ye/ClassSeven.php
grade-7	english_pubils_7th.pdf	https://e-learning-moe.edu.ye/adel/android_1/book_7/english_pubils_7th.pdf	http://e-learning-moe.edu.ye/ClassSeven.php
grade-7	english_work_7th.pdf	https://e-learning-moe.edu.ye/adel/android_1/book_7/english_work_7th.pdf	http://e-learning-moe.edu.ye/ClassSeven.php
grade-7	geographic_7th.pdf	https://e-learning-moe.edu.ye/adel/android_1/book_7/geographic_7th.pdf	http://e-learning-moe.edu.ye/ClassSeven.php
grade-7	history_part1_7th.pdf	https://e-learning-moe.edu.ye/adel/android_1/book_7/history_part1_7th.pdf	http://e-learning-moe.edu.ye/ClassSeven.php
grade-7	history_part2_7th.pdf	https://e-learning-moe.edu.ye/adel/android_1/book_7/history_part2_7th.pdf	http://e-learning-moe.edu.ye/ClassSeven.php
grade-7	mathematic_7th.pdf	https://e-learning-moe.edu.ye/adel/android_1/book_7/mathematic_7th.pdf	http://e-learning-moe.edu.ye/ClassSeven.php
grade-7	quran_7th.pdf	https://e-learning-moe.edu.ye/adel/android_1/book_7/quran_7th.pdf	http://e-learning-moe.edu.ye/ClassSeven.php
grade-7	science_7th.pdf	https://e-learning-moe.edu.ye/adel/android_1/book_7/science_7th.pdf	http://e-learning-moe.edu.ye/ClassSeven.php
grade-7	science_part2_7th.pdf	https://e-learning-moe.edu.ye/adel/android_1/book_7/science_part2_7th.pdf	http://e-learning-moe.edu.ye/ClassSeven.php
grade-7	social_edu_7th.pdf	https://e-learning-moe.edu.ye/adel/android_1/book_7/social_edu_7th.pdf	http://e-learning-moe.edu.ye/ClassSeven.php
grade-8	arabic_part1_8th.pdf	https://e-learning-moe.edu.ye/adel/android_1/book_8/arabic_part1_8th.pdf	http://e-learning-moe.edu.ye/ClassEight.php
grade-8	arabic_part2_8th.pdf	https://e-learning-moe.edu.ye/adel/android_1/book_8/arabic_part2_8th.pdf	http://e-learning-moe.edu.ye/ClassEight.php
grade-8	english_pubils_8th.pdf	https://e-learning-moe.edu.ye/adel/android_1/book_8/english_pubils_8th.pdf	http://e-learning-moe.edu.ye/ClassEight.php
grade-8	english_work_8th.pdf	https://e-learning-moe.edu.ye/adel/android_1/book_8/english_work_8th.pdf	http://e-learning-moe.edu.ye/ClassEight.php
grade-8	geographic_8th.pdf	https://e-learning-moe.edu.ye/adel/android_1/book_8/geographic_8th.pdf	http://e-learning-moe.edu.ye/ClassEight.php
grade-8	history_part1_8th.pdf	https://e-learning-moe.edu.ye/adel/android_1/book_8/history_part1_8th.pdf	http://e-learning-moe.edu.ye/ClassEight.php
grade-8	history_part2_8th.pdf	https://e-learning-moe.edu.ye/adel/android_1/book_8/history_part2_8th.pdf	http://e-learning-moe.edu.ye/ClassEight.php
grade-8	islamic_part1_8th.pdf	https://e-learning-moe.edu.ye/adel/android_1/book_8/islamic_part1_8th.pdf	http://e-learning-moe.edu.ye/ClassEight.php
grade-8	islamic_part2_8th.pdf	https://e-learning-moe.edu.ye/adel/android_1/book_8/islamic_part2_8th.pdf	http://e-learning-moe.edu.ye/ClassEight.php
grade-8	mathematics_part1_8th.pdf	https://e-learning-moe.edu.ye/adel/android_1/book_8/mathematics_part1_8th.pdf	http://e-learning-moe.edu.ye/ClassEight.php
grade-8	mathematics_part2_8th.pdf	https://e-learning-moe.edu.ye/adel/android_1/book_8/mathematics_part2_8th.pdf	http://e-learning-moe.edu.ye/ClassEight.php
grade-8	national_education_8th.pdf	https://e-learning-moe.edu.ye/adel/android_1/book_8/national_education_8th.pdf	http://e-learning-moe.edu.ye/ClassEight.php
grade-8	quran_8th.pdf	https://e-learning-moe.edu.ye/adel/android_1/book_8/quran_8th.pdf	http://e-learning-moe.edu.ye/ClassEight.php
grade-8	science_part1_8th.pdf	https://e-learning-moe.edu.ye/adel/android_1/book_8/science_part1_8th.pdf	http://e-learning-moe.edu.ye/ClassEight.php
grade-8	science_part2_8th.pdf	https://e-learning-moe.edu.ye/adel/android_1/book_8/science_part2_8th.pdf	http://e-learning-moe.edu.ye/ClassEight.php
grade-9	arabic_part1_9th.pdf	https://e-learning-moe.edu.ye/adel/android_1/book_9/arabic_part1_9th.pdf	http://e-learning-moe.edu.ye/ClassNine.php
grade-9	arabic_part2_9th.pdf	https://e-learning-moe.edu.ye/adel/android_1/book_9/arabic_part2_9th.pdf	http://e-learning-moe.edu.ye/ClassNine.php
grade-9	english_pubils_9th.pdf	https://e-learning-moe.edu.ye/adel/android_1/book_9/english_pubils_9th.pdf	http://e-learning-moe.edu.ye/ClassNine.php
grade-9	english_work_9th.pdf	https://e-learning-moe.edu.ye/adel/android_1/book_9/english_work_9th.pdf	http://e-learning-moe.edu.ye/ClassNine.php
grade-9	geographic_9th.pdf	https://e-learning-moe.edu.ye/adel/android_1/book_9/geographic_9th.pdf	http://e-learning-moe.edu.ye/ClassNine.php
grade-9	history_part1_9th.pdf	https://e-learning-moe.edu.ye/adel/android_1/book_9/history_part1_9th.pdf	http://e-learning-moe.edu.ye/ClassNine.php
grade-9	history_part2_9th.pdf	https://e-learning-moe.edu.ye/adel/android_1/book_9/history_part2_9th.pdf	http://e-learning-moe.edu.ye/ClassNine.php
grade-9	islamic_part1_9th.pdf	https://e-learning-moe.edu.ye/adel/android_1/book_9/islamic_part1_9th.pdf	http://e-learning-moe.edu.ye/ClassNine.php
grade-9	islamic_part2_9th.pdf	https://e-learning-moe.edu.ye/adel/android_1/book_9/islamic_part2_9th.pdf	http://e-learning-moe.edu.ye/ClassNine.php
grade-9	mathematics_part1_9th.pdf	https://e-learning-moe.edu.ye/adel/android_1/book_9/mathematics_part1_9th.pdf	http://e-learning-moe.edu.ye/ClassNine.php
grade-9	mathematics_part2_9th.pdf	https://e-learning-moe.edu.ye/adel/android_1/book_9/mathematics_part2_9th.pdf	http://e-learning-moe.edu.ye/ClassNine.php
grade-9	national_education_9th.pdf	https://e-learning-moe.edu.ye/adel/android_1/book_9/national_education_9th.pdf	http://e-learning-moe.edu.ye/ClassNine.php
grade-9	quran_9th.pdf	https://e-learning-moe.edu.ye/adel/android_1/book_9/quran_9th.pdf	http://e-learning-moe.edu.ye/ClassNine.php
grade-9	science_part1_9th.pdf	https://e-learning-moe.edu.ye/adel/android_1/book_9/science_part1_9th.pdf	http://e-learning-moe.edu.ye/ClassNine.php
grade-9	science_part2_9th.pdf	https://e-learning-moe.edu.ye/adel/android_1/book_9/science_part2_9th.pdf	http://e-learning-moe.edu.ye/ClassNine.php
